<?xml version="1.0" encoding="UTF-8" ?>
<!DOCTYPE generatorConfiguration PUBLIC "-//mybatis.org//DTD MyBatis Generator Configuration 1.0//EN" "http://mybatis.org/dtd/mybatis-generator-config_1_0.dtd" >
<generatorConfiguration>
	<classPathEntry
		location="D:/MyServer/mybatis-tool/mysql-connector-java-5.1.9.jar" />
	<context id="context1">
		<commentGenerator>
			<property name="suppressDate" value="true" />
		</commentGenerator>
			<!--
        <jdbcConnection driverClass="com.mysql.jdbc.Driver"
            connectionURL="jdbc:mysql://rm-bp1bgo3n4o4164eq7.mysql.rds.aliyuncs.com:3306/loanflow?characterEncoding=utf8"
                        userId="loan"
                        password="Uft-Gh5R">
        </jdbcConnection>
       -->
       <jdbcConnection driverClass="com.mysql.jdbc.Driver"
            connectionURL="jdbc:mysql://10.53.145.203:3306/loanpublic?characterEncoding=utf8"
                        userId="root"
                        password="123456">
				<property name="useInformationSchema" value="true"></property>
        </jdbcConnection>

		<javaTypeResolver>
			<property name="forceBigDecimals" value="false" />
		</javaTypeResolver>
		<javaModelGenerator targetPackage="com.hsjry.userlabel.dal.dao.model" targetProject="D:/MyServer/mybatis-tool/src" />
		<sqlMapGenerator targetPackage="sqlmap" targetProject="D:/MyServer/mybatis-tool/src" />
		<javaClientGenerator targetPackage="com.hsjry.userlabel.dal.dao.mapper" targetProject="D:/MyServer/mybatis-tool/src" type="XMLMAPPER">
			<property name="enableSubPackages" value="true" />
		</javaClientGenerator>
	  <!--
		<table tableName="flow_biz_apply"></table>
		-->
		
		<table tableName="console_user_menu_info"></table>
</context>
</generatorConfiguration>