<?xml version="1.0" encoding="UTF-8" ?>
<!DOCTYPE mapper PUBLIC "-//mybatis.org//DTD Mapper 3.0//EN" "http://mybatis.org/dtd/mybatis-3-mapper.dtd" >
<mapper namespace="com.hsjry.userlabel.dal.dao.mapper.ConsoleUserMenuInfoMapper" >
  <resultMap id="BaseResultMap" type="com.hsjry.userlabel.dal.dao.model.ConsoleUserMenuInfo" >
    <!--
      WARNING - @mbggenerated
      This element is automatically generated by MyBatis Generator, do not modify.
    -->
    <id column="MENU_ID" property="menuId" jdbcType="VARCHAR" />
    <id column="TENANT_ID" property="tenantId" jdbcType="VARCHAR" />
    <result column="MENU_NAME" property="menuName" jdbcType="VARCHAR" />
    <result column="MENU_HINT" property="menuHint" jdbcType="VARCHAR" />
    <result column="PARENT_MENU" property="parentMenu" jdbcType="VARCHAR" />
    <result column="MENU_DISTING" property="menuDisting" jdbcType="VARCHAR" />
    <result column="LEAF_FLAG" property="leafFlag" jdbcType="CHAR" />
    <result column="TRADE_LEVEL_NO" property="tradeLevelNo" jdbcType="CHAR" />
    <result column="MENU_TYPE" property="menuType" jdbcType="CHAR" />
    <result column="MENU_SITE" property="menuSite" jdbcType="CHAR" />
    <result column="CREATE_TIME" property="createTime" jdbcType="TIMESTAMP" />
    <result column="CREATOR" property="creator" jdbcType="VARCHAR" />
    <result column="UPDATE_TIME" property="updateTime" jdbcType="TIMESTAMP" />
    <result column="MODIFIER" property="modifier" jdbcType="VARCHAR" />
  </resultMap>
  <sql id="Example_Where_Clause" >
    <!--
      WARNING - @mbggenerated
      This element is automatically generated by MyBatis Generator, do not modify.
    -->
    <where >
      <foreach collection="oredCriteria" item="criteria" separator="or" >
        <if test="criteria.valid" >
          <trim prefix="(" suffix=")" prefixOverrides="and" >
            <foreach collection="criteria.criteria" item="criterion" >
              <choose >
                <when test="criterion.noValue" >
                  and ${criterion.condition}
                </when>
                <when test="criterion.singleValue" >
                  and ${criterion.condition} #{criterion.value}
                </when>
                <when test="criterion.betweenValue" >
                  and ${criterion.condition} #{criterion.value} and #{criterion.secondValue}
                </when>
                <when test="criterion.listValue" >
                  and ${criterion.condition}
                  <foreach collection="criterion.value" item="listItem" open="(" close=")" separator="," >
                    #{listItem}
                  </foreach>
                </when>
              </choose>
            </foreach>
          </trim>
        </if>
      </foreach>
    </where>
  </sql>
  <sql id="Update_By_Example_Where_Clause" >
    <!--
      WARNING - @mbggenerated
      This element is automatically generated by MyBatis Generator, do not modify.
    -->
    <where >
      <foreach collection="example.oredCriteria" item="criteria" separator="or" >
        <if test="criteria.valid" >
          <trim prefix="(" suffix=")" prefixOverrides="and" >
            <foreach collection="criteria.criteria" item="criterion" >
              <choose >
                <when test="criterion.noValue" >
                  and ${criterion.condition}
                </when>
                <when test="criterion.singleValue" >
                  and ${criterion.condition} #{criterion.value}
                </when>
                <when test="criterion.betweenValue" >
                  and ${criterion.condition} #{criterion.value} and #{criterion.secondValue}
                </when>
                <when test="criterion.listValue" >
                  and ${criterion.condition}
                  <foreach collection="criterion.value" item="listItem" open="(" close=")" separator="," >
                    #{listItem}
                  </foreach>
                </when>
              </choose>
            </foreach>
          </trim>
        </if>
      </foreach>
    </where>
  </sql>
  <sql id="Base_Column_List" >
    <!--
      WARNING - @mbggenerated
      This element is automatically generated by MyBatis Generator, do not modify.
    -->
    MENU_ID, TENANT_ID, MENU_NAME, MENU_HINT, PARENT_MENU, MENU_DISTING, LEAF_FLAG, TRADE_LEVEL_NO, 
    MENU_TYPE, MENU_SITE, CREATE_TIME, CREATOR, UPDATE_TIME, MODIFIER
  </sql>
  <select id="selectByExample" resultMap="BaseResultMap" parameterType="com.hsjry.userlabel.dal.dao.model.ConsoleUserMenuInfoExample" >
    <!--
      WARNING - @mbggenerated
      This element is automatically generated by MyBatis Generator, do not modify.
    -->
    select
    <if test="distinct" >
      distinct
    </if>
    <include refid="Base_Column_List" />
    from console_user_menu_info
    <if test="_parameter != null" >
      <include refid="Example_Where_Clause" />
    </if>
    <if test="orderByClause != null" >
      order by ${orderByClause}
    </if>
  </select>
  <select id="selectByPrimaryKey" resultMap="BaseResultMap" parameterType="com.hsjry.userlabel.dal.dao.model.ConsoleUserMenuInfoKey" >
    <!--
      WARNING - @mbggenerated
      This element is automatically generated by MyBatis Generator, do not modify.
    -->
    select 
    <include refid="Base_Column_List" />
    from console_user_menu_info
    where MENU_ID = #{menuId,jdbcType=VARCHAR}
      and TENANT_ID = #{tenantId,jdbcType=VARCHAR}
  </select>
  <delete id="deleteByPrimaryKey" parameterType="com.hsjry.userlabel.dal.dao.model.ConsoleUserMenuInfoKey" >
    <!--
      WARNING - @mbggenerated
      This element is automatically generated by MyBatis Generator, do not modify.
    -->
    delete from console_user_menu_info
    where MENU_ID = #{menuId,jdbcType=VARCHAR}
      and TENANT_ID = #{tenantId,jdbcType=VARCHAR}
  </delete>
  <delete id="deleteByExample" parameterType="com.hsjry.userlabel.dal.dao.model.ConsoleUserMenuInfoExample" >
    <!--
      WARNING - @mbggenerated
      This element is automatically generated by MyBatis Generator, do not modify.
    -->
    delete from console_user_menu_info
    <if test="_parameter != null" >
      <include refid="Example_Where_Clause" />
    </if>
  </delete>
  <insert id="insert" parameterType="com.hsjry.userlabel.dal.dao.model.ConsoleUserMenuInfo" >
    <!--
      WARNING - @mbggenerated
      This element is automatically generated by MyBatis Generator, do not modify.
    -->
    insert into console_user_menu_info (MENU_ID, TENANT_ID, MENU_NAME, 
      MENU_HINT, PARENT_MENU, MENU_DISTING, 
      LEAF_FLAG, TRADE_LEVEL_NO, MENU_TYPE, 
      MENU_SITE, CREATE_TIME, CREATOR, 
      UPDATE_TIME, MODIFIER)
    values (#{menuId,jdbcType=VARCHAR}, #{tenantId,jdbcType=VARCHAR}, #{menuName,jdbcType=VARCHAR}, 
      #{menuHint,jdbcType=VARCHAR}, #{parentMenu,jdbcType=VARCHAR}, #{menuDisting,jdbcType=VARCHAR}, 
      #{leafFlag,jdbcType=CHAR}, #{tradeLevelNo,jdbcType=CHAR}, #{menuType,jdbcType=CHAR}, 
      #{menuSite,jdbcType=CHAR}, #{createTime,jdbcType=TIMESTAMP}, #{creator,jdbcType=VARCHAR}, 
      #{updateTime,jdbcType=TIMESTAMP}, #{modifier,jdbcType=VARCHAR})
  </insert>
  <insert id="insertSelective" parameterType="com.hsjry.userlabel.dal.dao.model.ConsoleUserMenuInfo" >
    <!--
      WARNING - @mbggenerated
      This element is automatically generated by MyBatis Generator, do not modify.
    -->
    insert into console_user_menu_info
    <trim prefix="(" suffix=")" suffixOverrides="," >
      <if test="menuId != null" >
        MENU_ID,
      </if>
      <if test="tenantId != null" >
        TENANT_ID,
      </if>
      <if test="menuName != null" >
        MENU_NAME,
      </if>
      <if test="menuHint != null" >
        MENU_HINT,
      </if>
      <if test="parentMenu != null" >
        PARENT_MENU,
      </if>
      <if test="menuDisting != null" >
        MENU_DISTING,
      </if>
      <if test="leafFlag != null" >
        LEAF_FLAG,
      </if>
      <if test="tradeLevelNo != null" >
        TRADE_LEVEL_NO,
      </if>
      <if test="menuType != null" >
        MENU_TYPE,
      </if>
      <if test="menuSite != null" >
        MENU_SITE,
      </if>
      <if test="createTime != null" >
        CREATE_TIME,
      </if>
      <if test="creator != null" >
        CREATOR,
      </if>
      <if test="updateTime != null" >
        UPDATE_TIME,
      </if>
      <if test="modifier != null" >
        MODIFIER,
      </if>
    </trim>
    <trim prefix="values (" suffix=")" suffixOverrides="," >
      <if test="menuId != null" >
        #{menuId,jdbcType=VARCHAR},
      </if>
      <if test="tenantId != null" >
        #{tenantId,jdbcType=VARCHAR},
      </if>
      <if test="menuName != null" >
        #{menuName,jdbcType=VARCHAR},
      </if>
      <if test="menuHint != null" >
        #{menuHint,jdbcType=VARCHAR},
      </if>
      <if test="parentMenu != null" >
        #{parentMenu,jdbcType=VARCHAR},
      </if>
      <if test="menuDisting != null" >
        #{menuDisting,jdbcType=VARCHAR},
      </if>
      <if test="leafFlag != null" >
        #{leafFlag,jdbcType=CHAR},
      </if>
      <if test="tradeLevelNo != null" >
        #{tradeLevelNo,jdbcType=CHAR},
      </if>
      <if test="menuType != null" >
        #{menuType,jdbcType=CHAR},
      </if>
      <if test="menuSite != null" >
        #{menuSite,jdbcType=CHAR},
      </if>
      <if test="createTime != null" >
        #{createTime,jdbcType=TIMESTAMP},
      </if>
      <if test="creator != null" >
        #{creator,jdbcType=VARCHAR},
      </if>
      <if test="updateTime != null" >
        #{updateTime,jdbcType=TIMESTAMP},
      </if>
      <if test="modifier != null" >
        #{modifier,jdbcType=VARCHAR},
      </if>
    </trim>
  </insert>
  <select id="countByExample" parameterType="com.hsjry.userlabel.dal.dao.model.ConsoleUserMenuInfoExample" resultType="java.lang.Integer" >
    <!--
      WARNING - @mbggenerated
      This element is automatically generated by MyBatis Generator, do not modify.
    -->
    select count(*) from console_user_menu_info
    <if test="_parameter != null" >
      <include refid="Example_Where_Clause" />
    </if>
  </select>
  <update id="updateByExampleSelective" parameterType="map" >
    <!--
      WARNING - @mbggenerated
      This element is automatically generated by MyBatis Generator, do not modify.
    -->
    update console_user_menu_info
    <set >
      <if test="record.menuId != null" >
        MENU_ID = #{record.menuId,jdbcType=VARCHAR},
      </if>
      <if test="record.tenantId != null" >
        TENANT_ID = #{record.tenantId,jdbcType=VARCHAR},
      </if>
      <if test="record.menuName != null" >
        MENU_NAME = #{record.menuName,jdbcType=VARCHAR},
      </if>
      <if test="record.menuHint != null" >
        MENU_HINT = #{record.menuHint,jdbcType=VARCHAR},
      </if>
      <if test="record.parentMenu != null" >
        PARENT_MENU = #{record.parentMenu,jdbcType=VARCHAR},
      </if>
      <if test="record.menuDisting != null" >
        MENU_DISTING = #{record.menuDisting,jdbcType=VARCHAR},
      </if>
      <if test="record.leafFlag != null" >
        LEAF_FLAG = #{record.leafFlag,jdbcType=CHAR},
      </if>
      <if test="record.tradeLevelNo != null" >
        TRADE_LEVEL_NO = #{record.tradeLevelNo,jdbcType=CHAR},
      </if>
      <if test="record.menuType != null" >
        MENU_TYPE = #{record.menuType,jdbcType=CHAR},
      </if>
      <if test="record.menuSite != null" >
        MENU_SITE = #{record.menuSite,jdbcType=CHAR},
      </if>
      <if test="record.createTime != null" >
        CREATE_TIME = #{record.createTime,jdbcType=TIMESTAMP},
      </if>
      <if test="record.creator != null" >
        CREATOR = #{record.creator,jdbcType=VARCHAR},
      </if>
      <if test="record.updateTime != null" >
        UPDATE_TIME = #{record.updateTime,jdbcType=TIMESTAMP},
      </if>
      <if test="record.modifier != null" >
        MODIFIER = #{record.modifier,jdbcType=VARCHAR},
      </if>
    </set>
    <if test="_parameter != null" >
      <include refid="Update_By_Example_Where_Clause" />
    </if>
  </update>
  <update id="updateByExample" parameterType="map" >
    <!--
      WARNING - @mbggenerated
      This element is automatically generated by MyBatis Generator, do not modify.
    -->
    update console_user_menu_info
    set MENU_ID = #{record.menuId,jdbcType=VARCHAR},
      TENANT_ID = #{record.tenantId,jdbcType=VARCHAR},
      MENU_NAME = #{record.menuName,jdbcType=VARCHAR},
      MENU_HINT = #{record.menuHint,jdbcType=VARCHAR},
      PARENT_MENU = #{record.parentMenu,jdbcType=VARCHAR},
      MENU_DISTING = #{record.menuDisting,jdbcType=VARCHAR},
      LEAF_FLAG = #{record.leafFlag,jdbcType=CHAR},
      TRADE_LEVEL_NO = #{record.tradeLevelNo,jdbcType=CHAR},
      MENU_TYPE = #{record.menuType,jdbcType=CHAR},
      MENU_SITE = #{record.menuSite,jdbcType=CHAR},
      CREATE_TIME = #{record.createTime,jdbcType=TIMESTAMP},
      CREATOR = #{record.creator,jdbcType=VARCHAR},
      UPDATE_TIME = #{record.updateTime,jdbcType=TIMESTAMP},
      MODIFIER = #{record.modifier,jdbcType=VARCHAR}
    <if test="_parameter != null" >
      <include refid="Update_By_Example_Where_Clause" />
    </if>
  </update>
  <update id="updateByPrimaryKeySelective" parameterType="com.hsjry.userlabel.dal.dao.model.ConsoleUserMenuInfo" >
    <!--
      WARNING - @mbggenerated
      This element is automatically generated by MyBatis Generator, do not modify.
    -->
    update console_user_menu_info
    <set >
      <if test="menuName != null" >
        MENU_NAME = #{menuName,jdbcType=VARCHAR},
      </if>
      <if test="menuHint != null" >
        MENU_HINT = #{menuHint,jdbcType=VARCHAR},
      </if>
      <if test="parentMenu != null" >
        PARENT_MENU = #{parentMenu,jdbcType=VARCHAR},
      </if>
      <if test="menuDisting != null" >
        MENU_DISTING = #{menuDisting,jdbcType=VARCHAR},
      </if>
      <if test="leafFlag != null" >
        LEAF_FLAG = #{leafFlag,jdbcType=CHAR},
      </if>
      <if test="tradeLevelNo != null" >
        TRADE_LEVEL_NO = #{tradeLevelNo,jdbcType=CHAR},
      </if>
      <if test="menuType != null" >
        MENU_TYPE = #{menuType,jdbcType=CHAR},
      </if>
      <if test="menuSite != null" >
        MENU_SITE = #{menuSite,jdbcType=CHAR},
      </if>
      <if test="createTime != null" >
        CREATE_TIME = #{createTime,jdbcType=TIMESTAMP},
      </if>
      <if test="creator != null" >
        CREATOR = #{creator,jdbcType=VARCHAR},
      </if>
      <if test="updateTime != null" >
        UPDATE_TIME = #{updateTime,jdbcType=TIMESTAMP},
      </if>
      <if test="modifier != null" >
        MODIFIER = #{modifier,jdbcType=VARCHAR},
      </if>
    </set>
    where MENU_ID = #{menuId,jdbcType=VARCHAR}
      and TENANT_ID = #{tenantId,jdbcType=VARCHAR}
  </update>
  <update id="updateByPrimaryKey" parameterType="com.hsjry.userlabel.dal.dao.model.ConsoleUserMenuInfo" >
    <!--
      WARNING - @mbggenerated
      This element is automatically generated by MyBatis Generator, do not modify.
    -->
    update console_user_menu_info
    set MENU_NAME = #{menuName,jdbcType=VARCHAR},
      MENU_HINT = #{menuHint,jdbcType=VARCHAR},
      PARENT_MENU = #{parentMenu,jdbcType=VARCHAR},
      MENU_DISTING = #{menuDisting,jdbcType=VARCHAR},
      LEAF_FLAG = #{leafFlag,jdbcType=CHAR},
      TRADE_LEVEL_NO = #{tradeLevelNo,jdbcType=CHAR},
      MENU_TYPE = #{menuType,jdbcType=CHAR},
      MENU_SITE = #{menuSite,jdbcType=CHAR},
      CREATE_TIME = #{createTime,jdbcType=TIMESTAMP},
      CREATOR = #{creator,jdbcType=VARCHAR},
      UPDATE_TIME = #{updateTime,jdbcType=TIMESTAMP},
      MODIFIER = #{modifier,jdbcType=VARCHAR}
    where MENU_ID = #{menuId,jdbcType=VARCHAR}
      and TENANT_ID = #{tenantId,jdbcType=VARCHAR}
  </update>
</mapper>